{
  "dataset_revision": "31efe3c427b0bae9c22cbb560b8f15491cc6bed7",
  "mteb_dataset_name": "MassiveIntentClassification",
  "mteb_version": "1.1.2.dev0",
  "test": {
    "es": {
      "accuracy": 0.6051445864156019,
      "accuracy_stderr": 0.014559981728016766,
      "f1": 0.5899691246668645,
      "f1_stderr": 0.013586381339046978,
      "main_score": 0.6051445864156019
    },
    "evaluation_time": 23.39
  },
  "validation": {
    "es": {
      "accuracy": 0.6103295622233152,
      "accuracy_stderr": 0.008872473299269629,
      "f1": 0.5841326292216926,
      "f1_stderr": 0.0075347169437639805,
      "main_score": 0.6103295622233152
    },
    "evaluation_time": 22.18
  }
}