{
  "dataset_revision": "7d571f92784cd94a019292a1f45445077d0ef634",
  "mteb_dataset_name": "MassiveScenarioClassification",
  "mteb_version": "1.1.2.dev0",
  "test": {
    "es": {
      "accuracy": 0.6651983860121049,
      "accuracy_stderr": 0.02044708169109621,
      "f1": 0.6582610564774776,
      "f1_stderr": 0.022333143737390725,
      "main_score": 0.6651983860121049
    },
    "evaluation_time": 6.93
  },
  "validation": {
    "es": {
      "accuracy": 0.6620265617314314,
      "accuracy_stderr": 0.0243534205292836,
      "f1": 0.6528853655419952,
      "f1_stderr": 0.02625723108748492,
      "main_score": 0.6620265617314314
    },
    "evaluation_time": 8.15
  }
}