{
  "dataset_revision": "05f2792be5ad9f8fbb50abeec4a0376f4190d8ff",
  "mteb_dataset_name": "SciFact",
  "mteb_version": "1.1.2.dev0",
  "test": {
    "evaluation_time": 203.08,
    "map_at_1": 0.50356,
    "map_at_10": 0.6114,
    "map_at_100": 0.61785,
    "map_at_1000": 0.61811,
    "map_at_3": 0.58769,
    "map_at_5": 0.60318,
    "mrr_at_1": 0.52667,
    "mrr_at_10": 0.62136,
    "mrr_at_100": 0.62702,
    "mrr_at_1000": 0.62727,
    "mrr_at_3": 0.60556,
    "mrr_at_5": 0.61656,
    "ndcg_at_1": 0.52667,
    "ndcg_at_10": 0.65544,
    "ndcg_at_100": 0.68622,
    "ndcg_at_1000": 0.69481,
    "ndcg_at_3": 0.61893,
    "ndcg_at_5": 0.64037,
    "precision_at_1": 0.52667,
    "precision_at_10": 0.087,
    "precision_at_100": 0.01047,
    "precision_at_1000": 0.00112,
    "precision_at_3": 0.24333,
    "precision_at_5": 0.16133,
    "recall_at_1": 0.50356,
    "recall_at_10": 0.77622,
    "recall_at_100": 0.91833,
    "recall_at_1000": 0.99,
    "recall_at_3": 0.68256,
    "recall_at_5": 0.73417
  }
}