{
  "dataset_revision": "6d1ba47164174a496b7fa5d3569dae26a6813b80",
  "mteb_dataset_name": "STS22",
  "mteb_version": "1.1.2.dev0",
  "test": {
    "es": {
      "cos_sim": {
        "pearson": 0.6297172266984922,
        "spearman": 0.6778932790265533
      },
      "euclidean": {
        "pearson": 0.6544510634167503,
        "spearman": 0.6778932790265533
      },
      "manhattan": {
        "pearson": 0.6556987100596524,
        "spearman": 0.676832267241606
      }
    },
    "evaluation_time": 10.19
  }
}