{
  "dataset_revision": "270dc1d8c9a3e515bf727e69efb30ce6903d0d87",
  "mteb_dataset_name": "TwitterURLCorpus",
  "mteb_version": "1.1.2.dev0",
  "train": {
    "cos_sim": {
      "accuracy": 0.8860946171459619,
      "accuracy_threshold": 0.8944073915481567,
      "ap": 0.847918210587548,
      "f1": 0.776536312849162,
      "f1_threshold": 0.8847013711929321,
      "precision": 0.7428973277074543,
      "recall": 0.8133661841700031
    },
    "dot": {
      "accuracy": 0.8860946171459619,
      "accuracy_threshold": 0.8944074511528015,
      "ap": 0.8479103691600527,
      "f1": 0.7765182186234818,
      "f1_threshold": 0.8848743438720703,
      "precision": 0.7438302073050346,
      "recall": 0.8122112719433323
    },
    "euclidean": {
      "accuracy": 0.8860946171459619,
      "accuracy_threshold": 0.45954883098602295,
      "ap": 0.847918283313731,
      "f1": 0.776536312849162,
      "f1_threshold": 0.48020535707473755,
      "precision": 0.7428973277074543,
      "recall": 0.8133661841700031
    },
    "evaluation_time": 186.54,
    "manhattan": {
      "accuracy": 0.8858811658322661,
      "accuracy_threshold": 10.106603622436523,
      "ap": 0.8474414606574328,
      "f1": 0.7763709974236289,
      "f1_threshold": 10.573518753051758,
      "precision": 0.7436891834720067,
      "recall": 0.8120572836464429
    },
    "max": {
      "accuracy": 0.8860946171459619,
      "ap": 0.847918283313731,
      "f1": 0.776536312849162
    }
  }
}