{
  "dataset_revision": "31efe3c427b0bae9c22cbb560b8f15491cc6bed7",
  "mteb_dataset_name": "MassiveIntentClassification",
  "mteb_version": "1.1.2.dev0",
  "test": {
    "es": {
      "accuracy": 0.4629455279085407,
      "accuracy_stderr": 0.014755710183620688,
      "f1": 0.4549352311520581,
      "f1_stderr": 0.012922663742444806,
      "main_score": 0.4629455279085407
    },
    "evaluation_time": 22.93
  },
  "validation": {
    "es": {
      "accuracy": 0.4726512543039842,
      "accuracy_stderr": 0.018661080028127087,
      "f1": 0.4568805911460436,
      "f1_stderr": 0.01502225901397608,
      "main_score": 0.4726512543039842
    },
    "evaluation_time": 21.49
  }
}