{
  "dataset_revision": null,
  "mteb_dataset_name": "SciFact",
  "mteb_version": "1.1.2.dev0",
  "test": {
    "evaluation_time": 225.37,
    "map_at_1": 0.40444,
    "map_at_10": 0.5015,
    "map_at_100": 0.51017,
    "map_at_1000": 0.51056,
    "map_at_3": 0.47282,
    "map_at_5": 0.48896,
    "mrr_at_1": 0.42333,
    "mrr_at_10": 0.51663,
    "mrr_at_100": 0.523,
    "mrr_at_1000": 0.52334,
    "mrr_at_3": 0.49056,
    "mrr_at_5": 0.50456,
    "ndcg_at_1": 0.42333,
    "ndcg_at_10": 0.55444,
    "ndcg_at_100": 0.59213,
    "ndcg_at_1000": 0.60373,
    "ndcg_at_3": 0.49901,
    "ndcg_at_5": 0.52626,
    "precision_at_1": 0.42333,
    "precision_at_10": 0.078,
    "precision_at_100": 0.0099,
    "precision_at_1000": 0.00109,
    "precision_at_3": 0.19889,
    "precision_at_5": 0.13467,
    "recall_at_1": 0.40444,
    "recall_at_10": 0.702,
    "recall_at_100": 0.87033,
    "recall_at_1000": 0.96433,
    "recall_at_3": 0.55444,
    "recall_at_5": 0.62139
  }
}