{
  "dataset_revision": "270dc1d8c9a3e515bf727e69efb30ce6903d0d87",
  "mteb_dataset_name": "TwitterURLCorpus",
  "mteb_version": "1.1.2.dev0",
  "train": {
    "cos_sim": {
      "accuracy": 0.8750533628284239,
      "accuracy_threshold": 0.8985612392425537,
      "ap": 0.8281487626482181,
      "f1": 0.7505870267097153,
      "f1_threshold": 0.8856720924377441,
      "precision": 0.7169189795346229,
      "recall": 0.7875731444410224
    },
    "dot": {
      "accuracy": 0.8750533628284239,
      "accuracy_threshold": 0.8985612392425537,
      "ap": 0.8281933263302628,
      "f1": 0.7505870267097153,
      "f1_threshold": 0.8856720924377441,
      "precision": 0.7169189795346229,
      "recall": 0.7875731444410224
    },
    "euclidean": {
      "accuracy": 0.8750533628284239,
      "accuracy_threshold": 0.45041918754577637,
      "ap": 0.8281489198329834,
      "f1": 0.7505870267097153,
      "f1_threshold": 0.4781797528266907,
      "precision": 0.7169189795346229,
      "recall": 0.7875731444410224
    },
    "evaluation_time": 237.05,
    "manhattan": {
      "accuracy": 0.8746458648659138,
      "accuracy_threshold": 9.985865592956543,
      "ap": 0.8277356158103735,
      "f1": 0.750073035349109,
      "f1_threshold": 10.582687377929688,
      "precision": 0.7133926090580717,
      "recall": 0.7907299045272559
    },
    "max": {
      "accuracy": 0.8750533628284239,
      "ap": 0.8281933263302628,
      "f1": 0.7505870267097153
    }
  }
}